{
  "12": { "Tracker_ID": "12", "truck": [89, 465, 206, 517] },
  "2": { "Tracker_ID": "2", "truck": [71, 471, 181, 515] },
  "16": { "Tracker_ID": "16", "car": [-5, 479, 84, 532] },
  "1": { "Tracker_ID": "1", "car": [201, 472, 325, 516] },
  "14": { "Tracker_ID": "14", "car": [76, 479, 143, 508] },
  "8": { "Tracker_ID": "8", "car": [173, 461, 289, 510] },
  "4": { "Tracker_ID": "4", "car": [127, 466, 267, 519] },
  "31": { "Tracker_ID": "31", "car": [41, 471, 164, 519] },
  "37": { "Tracker_ID": "37", "truck": [-4, 479, 102, 536] },
  "38": { "Tracker_ID": "38", "car": [-5, 479, 103, 536] },
  "6": { "Tracker_ID": "6", "car": [4, 479, 126, 534] },
  "52": { "Tracker_ID": "52", "car": [139, 460, 274, 513] },
  "47": { "Tracker_ID": "47", "car": [68, 478, 149, 512] },
  "96": { "Tracker_ID": "96", "car": [211, 469, 323, 512] },
  "99": { "Tracker_ID": "99", "car": [243, 477, 358, 522] },
  "117": { "Tracker_ID": "117", "car": [-8, 480, 101, 530] },
  "175": { "Tracker_ID": "175", "car": [76, 480, 196, 526] },
  "193": { "Tracker_ID": "193", "truck": [68, 463, 221, 522] },
  "213": { "Tracker_ID": "213", "car": [156, 473, 249, 515] },
  "209": { "Tracker_ID": "209", "car": [67, 480, 169, 524] },
  "101": { "Tracker_ID": "101", "car": [-8, 480, 102, 535] },
  "190": { "Tracker_ID": "190", "car": [10, 477, 134, 533] },
  "208": { "Tracker_ID": "208", "car": [-10, 480, 91, 532] },
  "212": { "Tracker_ID": "212", "car": [144, 467, 257, 515] },
  "166": { "Tracker_ID": "166", "car": [20, 480, 122, 528] },
  "218": { "Tracker_ID": "218", "car": [-7, 480, 101, 531] },
  "227": { "Tracker_ID": "227", "car": [15, 479, 133, 533] },
  "230": { "Tracker_ID": "230", "car": [-28, 479, 106, 537] },
  "238": { "Tracker_ID": "238", "car": [204, 463, 330, 515] },
  "267": { "Tracker_ID": "267", "car": [251, 469, 371, 513] },
  "271": { "Tracker_ID": "271", "car": [254, 470, 372, 508] },
  "341": { "Tracker_ID": "341", "truck": [77, 462, 210, 519] },
  "320": { "Tracker_ID": "320", "car": [168, 460, 275, 512] },
  "366": { "Tracker_ID": "366", "car": [255, 468, 374, 510] },
  "309": { "Tracker_ID": "309", "car": [257, 478, 410, 546] },
  "386": { "Tracker_ID": "386", "truck": [250, 476, 543, 686] },
  "385": { "Tracker_ID": "385", "car": [47, 479, 162, 528] },
  "413": { "Tracker_ID": "413", "car": [-11, 480, 104, 536] },
  "426": { "Tracker_ID": "426", "car": [5, 480, 98, 530] },
  "468": { "Tracker_ID": "468", "truck": [205, 456, 361, 515] },
  "508": { "Tracker_ID": "508", "truck": [-16, 475, 117, 534] },
  "441": { "Tracker_ID": "441", "car": [258, 463, 389, 510] },
  "499": { "Tracker_ID": "499", "car": [39, 480, 153, 531] },
  "475": { "Tracker_ID": "475", "car": [26, 480, 143, 532] },
  "564": { "Tracker_ID": "564", "car": [149, 465, 239, 519] },
  "555": { "Tracker_ID": "555", "car": [173, 471, 285, 511] },
  "566": { "Tracker_ID": "566", "car": [134, 480, 238, 524] },
  "568": { "Tracker_ID": "568", "car": [45, 480, 145, 525] },
  "476": { "Tracker_ID": "476", "car": [161, 475, 277, 516] },
  "552": { "Tracker_ID": "552", "car": [246, 473, 363, 512] },
  "574": { "Tracker_ID": "574", "car": [-2, 477, 97, 532] },
  "586": { "Tracker_ID": "586", "car": [-20, 463, 99, 537] },
  "605": { "Tracker_ID": "605", "car": [241, 472, 362, 513] },
  "606": { "Tracker_ID": "606", "car": [45, 478, 160, 525] },
  "614": { "Tracker_ID": "614", "car": [-21, 476, 37, 537] },
  "625": { "Tracker_ID": "625", "car": [239, 469, 298, 507] },
  "593": { "Tracker_ID": "593", "car": [52, 460, 173, 525] },
  "643": { "Tracker_ID": "643", "car": [227, 454, 348, 513] },
  "738": { "Tracker_ID": "738", "car": [26, 456, 90, 667] },
  "739": { "Tracker_ID": "739", "truck": [50, 461, 263, 651] },
  "744": { "Tracker_ID": "744", "truck": [257, 436, 474, 544] },
  "753": { "Tracker_ID": "753", "car": [249, 476, 397, 540] },
  "810": { "Tracker_ID": "810", "car": [2, 480, 102, 535] },
  "727": { "Tracker_ID": "727", "bus": [-15, 427, 251, 524] },
  "856": { "Tracker_ID": "856", "truck": [132, 416, 375, 515] },
  "863": { "Tracker_ID": "863", "bus": [-13, 429, 220, 530] },
  "813": { "Tracker_ID": "813", "car": [148, 470, 269, 513] },
  "879": { "Tracker_ID": "879", "car": [31, 479, 146, 527] },
  "706": { "Tracker_ID": "706", "car": [189, 472, 330, 517] },
  "872": { "Tracker_ID": "872", "car": [246, 470, 374, 511] },
  "878": { "Tracker_ID": "878", "car": [-14, 479, 109, 535] },
  "891": { "Tracker_ID": "891", "truck": [-28, 473, 96, 536] },
  "840": { "Tracker_ID": "840", "car": [97, 460, 250, 521] },
  "900": { "Tracker_ID": "900", "car": [17, 480, 120, 529] },
  "915": { "Tracker_ID": "915", "car": [81, 477, 198, 528] },
  "897": { "Tracker_ID": "897", "car": [45, 479, 144, 525] },
  "938": { "Tracker_ID": "938", "car": [244, 472, 370, 512] },
  "984": { "Tracker_ID": "984", "car": [-14, 480, 92, 532] },
  "793": { "Tracker_ID": "793", "car": [-4, 480, 94, 529] },
  "973": { "Tracker_ID": "973", "car": [188, 470, 295, 509] },
  "994": { "Tracker_ID": "994", "car": [42, 480, 150, 524] },
  "999": { "Tracker_ID": "999", "car": [83, 480, 202, 525] }
}
